{
    "name": "demo",
    "flow_e2e_delay": {
        "f0": {
            "xTFA_TFA": 99.32394489448944,
            "Panco_PLP": 80.05,
            "Panco_ELP": 80.05,
            "DNC_SFA": 80.0501253132832,
            "DNC_PMOO": 80.20050125313283,
            "DNC_LUDB": 80.0501253132832
        },
        "f1": {
            "xTFA_TFA": 79.32193219321933,
            "Panco_PLP": 79.27000000000001,
            "Panco_ELP": 80.08000000000001,
            "DNC_SFA": 60.0501253132832,
            "DNC_PMOO": 60.125313283208015,
            "DNC_LUDB": 60.0501253132832
        },
        "f2": {
            "xTFA_TFA": 49.32394489448944,
            "Panco_PLP": 49.28,
            "Panco_ELP": 49.28,
            "DNC_SFA": 50.125125313283206,
            "DNC_PMOO": 50.20068969416021,
            "DNC_LUDB": 50.003750000000004
        }
    },
    "server_delay": {
        "s0-o0": {
            "xTFA_TFA": 50.0
        },
        "s1-o0": {
            "xTFA_TFA": 49.32394489448944
        },
        "s1-o1": {
            "xTFA_TFA": 29.321932193219325
        }
    },
    "execution_time": {
        "xTFA_TFA": 5.334138870239258,
        "Panco_PLP": 139.04809951782227,
        "Panco_ELP": 123.15893173217773,
        "DNC_SFA": 13.0,
        "DNC_PMOO": 16.0,
        "DNC_LUDB": 201.99999999999997
    },
    "units": {
        "flow_delay": "us",
        "server_delay": "us",
        "execution_time": "ms"
    }
}